column_name,total_count,non_null_count,min_value,max_value,mean_value,median_value
annual_income,23906,23906,10080,11200000,830840.285116707,735000.0
price,23906,23906,1200,85800,28090.2478457291,23000.0
